epoch,loss
1,5.331851
2,5.063721
3,4.767377
4,4.7825117
5,4.4935336
6,4.3511157
7,4.2698917
8,4.004417
9,3.947833
10,3.8764193
11,3.6538987
12,3.4937491
13,3.5355842
14,3.3013396
15,3.2027676
16,3.1736386
17,3.072682
18,2.9364796
19,2.955658
20,2.8210244
21,2.8501244
22,2.6320996
23,2.5987263
24,2.5219736
25,2.4817307
26,2.4381647
27,2.3590298
28,2.3741279
29,2.2568877
30,2.2631385
31,2.2007399
32,2.1662073
33,2.1016524
34,2.118784
35,2.0679884
36,2.035588
37,2.0249937
38,1.9711396
39,1.9522139
40,1.9645855
41,1.7917975
42,1.7619451
43,1.6642207
44,1.8476539
45,1.5682024
46,1.5785018
47,1.4996605
48,1.7052155
49,1.5406053
50,1.4215001
51,1.3655868
52,1.4220997
53,1.359973
54,1.3560718
55,1.3335159
56,1.3474629
57,1.3133522
58,1.3258722
59,1.2453678
60,1.2507148
61,1.2676727
62,1.2651211
63,1.2333819
64,1.3001212
65,1.1595888
66,1.136832
67,1.1306006
68,1.1535941
69,1.2967148
70,1.2140934
71,1.1495072
72,1.3020216
73,1.0511545
74,1.1211824
75,1.198053
76,1.2795786
77,0.9980341
78,1.1230834
79,1.101934
80,1.0384398
81,1.0642245
82,1.0054563
83,0.99201787
84,1.083131
85,1.1287524
86,1.0550462
87,1.0870601
88,1.0510545
89,1.2435983
90,0.9881453
91,1.0435948
92,1.0624218
93,0.98143804
94,0.9683279
95,1.057699
96,0.94097304
97,0.93864805
98,0.9817627
99,0.8893918
100,0.8927154
101,0.9112094
102,0.87791467
103,0.88714176
104,0.90817964
105,1.0939285
106,0.9178337
107,0.883894
108,0.8007777
109,0.78992414
110,0.83028907
111,0.9065117
112,0.94921124
113,0.89138305
114,0.8118459
115,0.8295242
116,0.9503452
117,0.8184369
118,0.7995028
119,0.85014004
120,0.8327999
121,0.8236288
122,0.74178576
123,0.8227905
124,0.89306194
125,0.74679947
126,0.96159166
127,0.8526481
128,0.8527536
129,0.73556
130,0.73289025
131,0.8007264
132,0.88949436
133,1.0355439
134,0.85796803
135,0.76077986
136,0.7415424
137,0.6903504
138,0.73138
139,0.7633549
140,0.7078523
141,0.70320004
142,0.78250927
143,0.70060426
144,0.8438207
145,0.77295774
146,0.7880861
147,0.913944
148,0.7396161
149,0.8469937
150,0.8436382
151,0.79465896
152,0.8216849
153,0.65602607
154,0.6910389
155,0.8752933
156,0.6164992
157,0.77416885
158,0.82707983
159,0.68756044
160,0.8147184
161,0.67425936
162,0.7988933
163,0.6698169
164,0.7560573
165,0.7712587
166,0.91996944
167,0.8330442
168,0.71327126
169,0.7371399
170,0.71221775
171,0.7600671
172,0.70143384
173,0.9025502
174,0.749863
175,0.6442527
176,0.6542147
177,0.70316887
178,0.7054607
179,0.7656508
180,0.62140256
181,0.68199193
182,0.7546195
183,0.76593304
184,0.6734401
185,0.71158266
186,0.6981234
187,0.82012683
188,0.7173669
189,0.74609137
190,0.68332285
191,0.7715734
192,0.6477298
193,0.6202466
194,0.652251
195,0.6167021
196,0.5674915
197,0.70871043
198,0.7197875
199,0.7277314
200,0.66915697
201,0.7186526
202,0.71378565
203,0.81388736
204,0.7923477
205,0.63809836
206,0.84532535
207,0.7191906
208,0.6193683
209,0.7925332
210,0.6369184
211,0.6075003
212,0.72970414
213,0.7537401
214,0.7345806
215,0.6254506
216,0.6062872
217,0.55314845
218,0.7259275
219,0.6601804
220,0.6331179
221,0.72620773
222,0.7583282
223,0.67854285
224,0.6685086
225,0.66161597
226,0.77319187
227,0.6663645
228,0.61231726
229,0.8235957
230,0.5983714
231,0.6121324
232,0.75605685
233,0.710646
234,0.67870337
235,0.8448486
236,0.690006
237,0.5900737
238,0.7993343
239,0.6513649
240,0.6542438
241,0.7233833
242,0.68583196
243,0.6873695
244,0.6910902
245,0.6525916
246,0.6422797
247,0.59782964
248,0.73216003
249,0.7519269
250,0.6015362
251,0.7446879
252,0.64738375
253,0.69208616
254,0.7135653
255,0.7503544
256,0.57562363
257,0.744805
258,0.59240544
259,0.6369683
260,0.63288283
261,0.70038736
262,0.6795636
263,0.6446274
264,0.6121932
265,0.55254096
266,0.6382237
267,0.56869775
268,0.61410147
269,0.71670836
270,2.6655948
271,0.812944
272,0.5578106
273,0.63362235
274,0.6170674
275,0.72686857
276,0.6261676
277,0.63984704
278,0.5467882
279,0.67037076
280,0.56328624
281,0.55046636
282,0.65003335
283,0.65378684
284,0.65139216
285,0.68612206
286,0.70382
287,0.5491222
288,0.61941665
289,0.616515
290,0.7315378
291,0.6586368
292,0.7148001
293,0.61411005
294,0.64320767
295,0.67736644
296,0.6318368
297,0.60913503
298,0.6101874
299,0.5516479
300,0.6148047
301,0.5720613
302,0.5970837
303,0.8582611
304,0.55531347
305,0.6285
306,0.5388179
307,0.6070234
308,0.63728774
309,0.573309
310,0.59836185
311,0.5980183
312,0.5782313
313,0.61868316
314,0.5604508
315,0.66167426
316,0.5293296
317,0.5992379
318,0.60667807
319,0.58590215
320,0.6328443
321,0.66715145
322,0.55271655
323,0.51969975
324,0.5214827
325,0.6973092
326,0.58406514
327,0.6296825
328,0.7577241
329,0.56385946
330,0.63801795
331,0.5440317
332,0.607985
333,0.7023253
334,0.64970183
335,0.6911523
336,0.62122905
337,0.59850335
338,0.61016005
339,0.5557362
340,0.60600394
341,0.57618785
342,0.6098237
343,0.6203161
344,0.606946
345,0.659488
346,0.52419454
347,0.57663685
348,0.6299732
349,0.62095326
350,0.6435063
351,0.5247431
352,0.6026117
353,0.63469
354,0.7357513
355,0.5369609
356,0.6121849
357,0.6747346
358,0.52485895
359,0.56629145
360,0.5196299
361,0.6672694
362,0.520285
363,0.54805166
364,0.6465022
365,0.6524955
366,0.5135401
367,0.6195277
368,0.59845775
369,0.6017606
370,0.5980468
371,0.60983074
372,0.5327254
373,0.6284066
374,0.5701388
375,0.5581583
376,0.6894653
377,0.5130751
378,0.51985145
379,0.51176685
380,0.67015886
381,0.5939367
382,0.5504759
383,0.6037371
384,0.6384489
385,0.5097006
386,0.6211817
387,0.54697365
388,0.57562244
389,0.5802243
390,0.5607636
391,0.5495904
392,0.49024525
393,0.5552995
394,0.5777426
395,0.53045577
396,0.5328857
397,0.5317239
398,0.48929247
399,0.6125536
400,0.673371
401,0.57973564
402,0.53852737
403,0.46921226
404,0.56793076
405,0.5546144
406,0.5803135
407,0.55430245
408,0.55019975
409,0.6279789
410,0.49991888
411,0.52820253
412,0.6026714
413,0.6199635
414,0.52881646
415,0.5857701
416,0.5752676
417,0.53440183
418,0.5289574
419,0.5120153
420,0.6527169
421,0.5943828
422,0.5814526
423,0.5175984
424,0.53359735
425,0.5969838
426,0.53208303
427,0.6059904
428,0.56362045
429,0.46388766
430,0.57911646
431,0.49563387
432,0.57477146
433,0.53298557
434,0.57191443
435,0.5568509
436,0.5416545
437,0.49409175
438,0.484942
439,0.5655048
440,0.61375993
441,0.4598699
442,0.6582121
443,0.63297254
444,0.50609183
445,0.57529813
446,0.5624728
447,0.5133511
448,0.5662111
449,0.46854484
450,0.5225484
451,0.5389912
452,0.48323032
453,0.5731944
454,0.4812625
455,0.5592481
456,0.6098295
457,0.5385321
458,0.61910146
459,0.4706362
460,0.5019065
461,0.5127801
462,0.54443204
463,0.5845457
464,0.52588385
465,0.560098
466,0.53225696
467,0.5846878
468,0.54163104
469,0.5454253
470,0.47289753
471,0.6043826
472,0.5089542
473,0.48954466
474,0.5986636
475,0.5400824
476,0.50836116
477,0.5207489
478,0.53360826
479,0.52049804
480,0.518876
481,0.6431214
482,0.6192384
483,0.4776358
484,0.45694476
485,0.43599963
486,0.56960595
487,0.61332136
488,0.5241067
489,0.622001
490,0.47426674
491,0.39828253
492,0.56660366
493,0.4579411
494,0.5271943
495,0.48882353
496,0.6727971
497,0.49822724
498,0.527567
499,0.49271554
500,0.4959769
501,0.6014633
502,0.49703464
503,0.42803672
504,0.5491578
505,0.56670636
506,0.50591516
507,0.4797306
508,0.47314656
509,0.5164263
510,0.48333594
511,0.46538657
512,0.57256836
513,0.58069074
514,0.5290955
515,0.5065397
516,0.47455886
517,0.48316
518,0.47555625
519,0.48086795
520,0.54025483
521,0.5344476
522,0.49197346
523,0.6216827
524,0.59969336
525,0.49206695
526,0.472127
527,0.57452077
528,0.54359055
529,0.4921579
530,0.45500863
531,0.48550823
532,0.5125222
533,0.5077649
534,0.456271
535,0.520691
536,0.5292513
537,0.46728167
538,0.5702229
539,0.6168113
540,0.44763964
541,0.4683981
542,0.506317
543,0.5331336
544,0.42695165
545,0.59577435
546,0.4832849
547,0.435912
548,0.519391
549,0.49356237
550,0.4994058
551,0.42381078
552,0.53855217
553,0.41466796
554,0.53721786
555,0.460933
556,0.5516005
557,0.52051604
558,0.47791335
559,0.48406112
560,0.5145437
561,0.47940722
562,0.5659501
563,0.4432785
564,0.5107899
565,0.48542595
566,0.48963252
567,0.48108023
568,0.5637541
569,0.50900394
570,0.54067004
571,0.6464669
572,0.5944709
573,0.4393895
574,1.7105142
575,0.6573786
576,0.54757786
577,0.5172446
578,0.53477496
579,0.5166203
580,0.5258163
581,0.53175896
582,0.5423046
583,0.5348202
584,0.4478107
585,0.48059252
586,0.5221465
587,0.5119911
588,0.48721787
589,0.47152817
590,0.5308677
591,0.52297026
592,0.51309454
593,0.5238103
594,0.5308646
595,0.50684714
596,0.44041914
597,0.57342654
598,0.5274601
599,0.5601425
600,0.47829172
601,0.5018976
602,0.49151674
603,0.5156809
604,0.5089932
605,0.50750816
606,0.5477493
607,0.47321916
608,0.4450679
609,0.5405949
610,0.4507502
611,0.503459
612,0.5411383
613,0.50482357
614,0.56202596
615,0.5718743
616,0.4420479
617,0.44620803
618,0.4492212
619,0.44691393
620,0.49290067
621,0.4871656
622,0.48368815
623,0.47516552
624,0.40574083
625,0.47428033
626,0.41977057
627,0.49516165
628,0.44530785
629,0.4701717
630,0.49044803
631,0.5322132
632,0.45842132
633,0.36080256
634,0.42422962
635,0.4667544
636,0.45697325
637,0.49185315
638,0.47735468
639,0.5085435
640,0.41860163
641,0.38792452
642,0.4399367
643,0.51969784
644,0.461515
645,0.4959786
646,0.53766906
647,0.5243146
648,0.5161683
649,0.45620245
650,0.47553822
651,0.46404815
652,0.430596
653,0.47033405
654,0.4815701
655,0.46106124
656,0.4139535
657,0.41982988
658,0.54175985
659,0.45146924
660,0.44842866
661,0.44583243
662,0.4573
663,0.50781614
664,0.4541769
665,0.44747353
666,0.4555826
667,0.50891805
668,0.48425317
669,0.48120674
670,0.43649828
671,0.4015324
672,0.49575782
673,0.45146748
674,0.4756679
675,0.43417206
676,0.46447757
677,0.4310812
678,0.5278944
679,0.4486025
680,0.40409306
681,0.3976303
682,0.41367733
683,0.44224042
684,0.4404524
685,0.5683035
686,0.4706267
687,0.60068685
688,0.42823136
689,0.50789493
690,0.43058223
691,0.46880668
692,0.45761886
693,0.5303902
694,0.48359692
695,0.47439823
696,0.4635971
697,0.50711167
698,0.44364616
699,0.44522992
700,0.37885755
701,0.54196095
702,0.41553155
703,0.43497765
704,0.38998803
705,0.46746948
706,0.45928735
707,0.6295364
708,0.41759107
709,0.41909534
710,0.386636
711,0.39462876
712,0.4660352
713,0.4313842
714,0.40287966
715,0.49224162
716,0.4480042
717,0.48030114
718,0.4264568
719,0.43695012
720,0.46985662
721,0.41161898
722,0.39047322
723,0.4820014
724,0.4351804
725,0.49081206
726,0.49836597
727,0.5380375
728,0.4409346
729,0.40831205
730,0.5282677
731,0.5636641
732,0.43356088
733,0.45177785
734,0.5300348
735,0.44896427
736,0.49158174
737,0.46292412
738,0.47817206
739,0.51085424
740,0.4511399
741,0.4292296
742,0.4984011
743,0.42483535
744,0.43200228
745,0.485364
746,0.41048503
747,0.489075
748,0.43029222
749,0.41772497
750,0.43861985
751,0.40583816
752,0.38740727
753,0.55295545
754,0.4357153
755,0.39521945
756,0.40949196
757,0.4318634
758,0.44775522
759,0.42999768
760,0.43488997
761,0.42069653
762,0.40853745
763,0.3636454
764,0.4209792
765,0.39606708
766,0.4198692
767,0.41872358
768,0.43810287
769,0.49551606
770,0.41225213
771,0.43759844
772,0.4774201
773,0.5381903
774,0.45700938
775,0.36939818
776,0.48306406
777,0.43578255
778,0.4302954
779,0.39637962
780,0.4822009
781,0.42556438
782,0.38958254
783,0.46749878
784,0.45082575
785,0.50243074
786,0.40223384
787,0.53643674
788,0.376646
789,0.42013523
790,0.41261834
791,0.37530655
792,0.47225565
793,0.47432467
794,0.47051916
795,0.44330415
796,0.44031554
797,0.52690226
798,0.42837712
799,0.39236417
800,0.41051847
801,0.40927136
802,0.45219177
803,0.43452242
804,0.42079413
805,0.47144616
806,0.4633435
807,0.45431712
808,0.43457302
809,0.4465659
810,0.40308878
811,0.4134642
812,0.40364122
813,0.37892067
814,0.5154761
815,0.4088124
816,0.41471818
817,0.46580487
818,0.40238085
819,0.3800615
820,0.43634018
821,0.3854532
822,0.4403324
823,0.36710328
824,0.48466027
825,0.43112332
826,0.5064277
827,0.46453887
828,0.44189036
829,0.3837087
830,0.48554304
831,0.4011111
832,0.44599137
833,0.38478333
834,0.40899613
835,0.39587185
836,0.48673168
837,0.41466907
838,0.38009584
839,0.41400778
840,0.39233157
841,0.3932745
842,0.37570804
843,0.4609567
844,0.3781081
845,0.5178503
846,0.41976666
847,0.44410992
848,0.44608355
849,0.41890004
850,0.42482263
851,0.48494002
852,0.3697249
853,0.42151362
854,0.49851942
855,0.4373707
856,0.47605288
857,0.3782048
858,0.4289761
859,0.3902665
860,0.39582834
861,0.4297117
862,0.41479784
863,0.4191622
864,0.44401765
865,0.45796007
866,0.43291977
867,0.4133923
868,0.41794196
869,0.39963293
870,0.42216215
871,0.3902765
872,0.43085858
873,0.4901581
874,0.38190645
875,0.4596181
876,0.42904142
877,0.4842273
878,0.40321597
879,0.35999346
880,0.5298592
881,0.35499611
882,0.40857095
883,0.38717717
884,0.42130297
885,0.44332758
886,0.40896335
887,0.42276895
888,0.48916033
889,0.41806918
890,0.3584071
891,0.40075025
892,0.36261502
893,0.5080755
894,0.39954484
895,0.3881056
896,0.38585347
897,0.44632578
898,0.39628863
899,0.35711834
900,0.40183228
901,0.35945436
902,0.47079694
903,0.44908097
904,0.46170604
905,0.42270613
906,0.44362152
907,0.40635043
908,0.41560417
909,0.40635344
910,0.4626115
911,0.40045497
912,0.44284284
913,0.42413223
914,0.5008561
915,0.4038279
916,0.5390269
917,0.3682013
918,0.37720755
919,0.36731377
920,0.42063853
921,0.41103148
922,0.44396237
923,0.42676502
924,0.4178527
925,0.48415446
926,0.47122824
927,0.3745443
928,0.3913147
929,0.41398603
930,0.4254861
931,0.45649338
932,0.524341
933,0.3778758
934,0.41356668
935,0.4341438
936,0.40691313
937,0.42031726
938,0.3544509
939,0.38900062
940,0.41285253
941,0.3954449
942,0.3966264
943,0.46680883
944,0.45109
945,0.37582165
946,0.37103605
947,0.43988186
948,0.37051785
949,0.34945416
950,0.4946436
951,0.416534
952,0.40496927
953,0.39139104
954,0.3680149
955,0.40241072
956,0.4165464
957,0.42709875
958,0.4372313
959,0.41796604
960,0.3878453
961,0.38236412
962,0.40205336
963,0.43679222
964,0.4606046
965,0.39458254
966,0.42986175
967,0.38793376
968,0.46276987
969,0.3930116
970,0.41696438
971,0.41862223
972,0.44923672
973,0.33797392
974,0.40415207
975,0.3834308
976,0.37459493
977,0.45362407
978,0.40760934
979,0.3732466
980,0.3596345
981,0.42825556
982,0.386316
983,0.38880822
984,0.3953961
985,0.37306118
986,0.40077752
987,0.46003336
988,0.41161945
989,0.39844063
990,0.4511889
991,0.39734355
992,0.40846157
993,0.37896642
994,0.3774804
995,0.42528227
996,0.39903584
997,0.42024946
998,0.43480766
999,0.41710037
1000,0.4146795
1001,0.33064997
1002,0.45724294
1003,0.42840308
1004,0.3968291
1005,0.40648678
1006,0.42445922
1007,0.39383224
1008,0.4084253
1009,0.3616016
1010,0.35915485
1011,0.4914893
1012,0.43558595
1013,0.45525065
1014,0.42194042
1015,0.38074905
1016,0.49265975
1017,0.34521723
1018,0.3531478
1019,0.3748401
1020,0.5018317
1021,0.36681837
1022,0.3965623
1023,0.43211553
1024,0.398151
1025,0.3802964
1026,0.43137792
1027,0.37438795
1028,0.42555082
1029,0.3901435
1030,0.32470122
1031,0.38756964
1032,0.36276257
1033,0.370267
1034,0.4340178
1035,0.40451586
1036,0.3328717
1037,0.35793325
1038,0.42894942
1039,0.3806344
1040,0.45578817
1041,0.37671927
1042,0.39540428
1043,0.44808868
1044,0.36100325
1045,0.37116727
1046,0.54258424
1047,0.4002184
1048,0.3791711
1049,0.4320345
1050,0.40415967
1051,0.37279117
1052,0.3833643
1053,0.39456886
1054,0.4529831
1055,0.3952678
1056,0.41188964
1057,0.4213646
1058,0.37154147
1059,0.39904642
1060,0.44573903
1061,0.37298027
1062,0.42840266
1063,0.33992672
1064,0.37972018
1065,0.3984733
1066,0.34289312
1067,0.4126656
1068,0.4109336
1069,0.4022471
1070,0.3653173
1071,0.3878456
1072,0.43443364
1073,0.3637644
1074,0.39410973
1075,0.3373992
1076,0.36077714
1077,0.3423738
1078,0.36863178
1079,0.4174966
1080,0.40023512
1081,0.34218135
1082,0.3460688
1083,0.39700934
1084,0.4422835
1085,0.3681034
1086,0.47092918
1087,0.38611728
1088,0.385557
1089,0.3396425
1090,0.36256602
1091,0.3872268
1092,0.45453182
1093,0.4052297
1094,0.36615577
1095,0.34548983
1096,0.4283648
1097,0.40154645
1098,0.39366636
1099,0.44560355
1100,0.45272467
1101,0.37398788
1102,0.33794263
1103,0.3907521
1104,0.38319898
1105,0.4246321
1106,0.3995638
1107,0.43212903
1108,0.52516633
1109,0.42129996
1110,0.4069098
1111,0.3512204
1112,0.3716988
1113,0.43305424
1114,0.3913113
1115,0.33043116
1116,0.45916665
1117,0.42786676
1118,0.33062825
1119,0.3285378
1120,0.37638956
1121,0.3982187
1122,0.32473513
1123,0.45920995
1124,0.36844027
1125,0.41690448
1126,0.3784517
1127,0.34498373
1128,0.36288562
1129,0.4182054
1130,0.36365223
1131,0.42762354
1132,0.38671848
1133,0.37679955
1134,0.35992715
1135,0.42664307
1136,0.37658522
1137,0.35034165
1138,0.3448385
1139,0.4035203
1140,0.37009737
1141,0.37386346
1142,0.4168864
1143,0.4280755
1144,0.36041853
1145,0.36372015
1146,0.41308656
1147,0.44342268
1148,0.39443251
1149,0.3860714
1150,0.39254588
1151,0.34411222
1152,0.35789126
1153,0.3887318
1154,0.32163498
1155,0.4101087
1156,0.3515601
1157,0.43364802
1158,0.40764034
1159,0.36566722
1160,0.35103208
1161,0.35536078
1162,0.44136035
1163,0.4285111
1164,0.46098304
1165,0.38733512
1166,0.38282943
1167,0.40194938
1168,0.38895425
1169,0.39465865
1170,0.37419972
1171,0.38317618
1172,0.40067405
1173,0.4569461
1174,0.35959578
1175,0.36930454
1176,0.3596289
1177,0.38179764
1178,0.44672513
1179,0.34004933
1180,0.4014979
1181,0.3807884
1182,0.40225872
1183,0.3014551
1184,0.43221846
1185,0.3738848
1186,0.33071598
1187,0.40287396
1188,0.3811296
1189,0.41980556
1190,0.3695578
1191,0.40004247
1192,0.4037291
1193,0.4263228
1194,0.31179547
1195,0.4017286
1196,0.32348403
1197,0.37790063
1198,0.43834984
1199,0.36696208
1200,0.3638239
1201,0.35903043
1202,0.41369104
1203,0.38919312
1204,0.3735644
1205,0.41955313
1206,0.40930927
1207,0.371145
1208,0.3835022
1209,0.4087544
1210,0.4662006
1211,0.33769104
1212,0.34613398
1213,0.39016485
1214,0.35391334
1215,0.4070377
1216,0.32984686
1217,0.37318963
1218,0.40697655
1219,0.3682274
1220,0.36800012
1221,0.38847765
1222,0.33649138
1223,0.37446323
1224,0.34381223
1225,0.36969152
1226,0.40231234
1227,0.3977226
1228,0.35300136
1229,0.3794766
1230,0.35926077
1231,0.40301985
1232,0.3823732
1233,0.37896124
1234,0.35911232
1235,0.33929464
1236,0.4204865
1237,0.35401928
1238,0.37498397
1239,0.40360332
1240,0.32100344
1241,0.37168264
1242,0.4305236
1243,0.38284367
1244,0.36206564
1245,0.33877128
1246,0.36003354
1247,0.38217404
1248,0.3661862
1249,0.43625113
1250,0.4584672
1251,0.3831771
1252,0.30434206
1253,0.4721261
1254,0.36214465
1255,0.35919547
1256,0.35087037
1257,0.38605246
1258,0.36918232
1259,0.36650944
1260,0.41141734
1261,0.42055798
1262,0.3452465
1263,0.3500584
1264,0.36416584
1265,0.41925368
1266,0.3874728
1267,0.42925653
1268,0.39862138
1269,0.39267355
1270,0.3443613
1271,0.46547866
1272,0.37730438
1273,0.33575687
1274,0.31011283
1275,0.36227983
1276,0.3565113
1277,0.46339875
1278,0.3373875
1279,0.38006836
1280,0.41089648
1281,0.3952296
1282,0.37594894
1283,0.36255732
1284,0.3417129
1285,0.32402045
1286,0.36829898
1287,0.3453755
1288,0.33703157
1289,0.3495293
1290,0.34166437
1291,0.37648544
1292,0.35247114
1293,0.4477434
1294,0.31898767
1295,0.34109634
1296,0.40183485
1297,0.323269
1298,0.32458663
1299,0.32115862
1300,0.3651628
1301,0.3806615
1302,0.3084284
1303,0.41370234
1304,0.3561335
1305,0.35113338
1306,0.38587004
1307,0.39507014
1308,0.3220388
1309,0.33420658
1310,0.4719841
1311,0.34309897
1312,0.37054712
1313,0.44620967
1314,0.3580823
1315,0.36795744
1316,0.3303999
1317,0.3305835
1318,0.4715494
1319,0.40285268
1320,0.33334768
1321,0.37391993
1322,0.32347426
1323,0.37656853
1324,0.35013717
1325,0.3420873
1326,0.30200902
1327,0.37578762
1328,0.3348653
1329,0.32707265
1330,0.36119512
1331,0.40088785
1332,0.35018206
1333,0.3401143
1334,0.42726168
1335,0.2793924
1336,0.3537485
1337,0.32524362
1338,0.37626883
1339,0.39507535
1340,0.36848128
1341,0.31237683
1342,0.33477092
1343,0.3729292
1344,0.37334386
1345,0.35777888
1346,0.36423573
1347,0.3776326
1348,0.42799672
1349,0.34007016
1350,0.35313812
1351,0.35355031
1352,0.3717253
1353,0.2985021
1354,0.37872216
1355,0.35332885
1356,0.37807515
1357,0.36711317
1358,0.36236396
1359,0.35980138
1360,0.39267007
1361,0.36107406
1362,0.3538233
1363,0.40839612
1364,0.3267504
1365,0.3355338
1366,0.32290426
1367,0.390804
1368,0.34403545
1369,0.3472244
1370,0.33255765
1371,0.36859667
1372,0.35966247
1373,0.34548208
1374,0.36901617
1375,0.34492332
1376,0.39172602
1377,0.3237829
1378,0.37907532
1379,0.30221063
1380,0.36487877
1381,0.3249559
1382,0.3737674
1383,0.393874
1384,0.37810108
1385,0.32816172
1386,0.30111498
1387,0.3261323
1388,0.32186997
1389,0.45132315
1390,0.2922593
1391,0.4011142
1392,0.3157699
1393,0.3815985
1394,0.3567358
1395,0.33161724
1396,0.33124945
1397,0.39176172
1398,0.41365317
1399,0.36259115
1400,0.42007992
1401,0.32335964
1402,0.37267202
1403,0.35223293
1404,0.38522804
1405,0.35137975
1406,0.3133615
1407,0.34991357
1408,0.44509512
1409,0.35681072
1410,0.37515858
1411,0.3497967
1412,0.41061127
1413,0.30558968
1414,0.3510011
1415,0.3695534
1416,0.32161975
1417,0.42242151
1418,0.31701887
1419,0.3560172
1420,0.39594093
1421,0.34146947
1422,0.34793893
1423,0.30989182
1424,0.37795174
1425,0.3288844
1426,0.3384724
1427,0.40446746
1428,0.32194206
1429,0.39842308
1430,0.34302112
1431,0.41061497
1432,0.33222643
1433,0.34435168
1434,0.37473294
1435,0.34552845
1436,0.3468716
1437,0.34709388
1438,0.3952784
1439,0.40202707
1440,0.34481704
1441,0.35789362
1442,0.39237303
1443,0.37165663
1444,0.33860907
1445,0.3647843
1446,0.32741457
1447,0.3712703
1448,0.33913758
1449,0.47848907
1450,0.38796347
1451,0.33984983
1452,0.40303174
1453,0.39140636
1454,0.3451518
1455,0.33178064
1456,0.3831695
1457,0.324024
1458,0.30607805
1459,0.3191574
1460,0.31253168
1461,0.45844984
1462,0.35082257
1463,0.34879965
1464,0.3541676
1465,0.38096002
1466,0.36877435
1467,0.3441864
1468,0.33500227
1469,0.31359833
1470,0.3150946
1471,0.37511584
1472,0.36414126
1473,0.32699803
1474,0.3511366
1475,0.3608449
1476,0.37383947
1477,0.33379912
1478,0.3370016
1479,0.41465497
1480,0.29344693
1481,0.45608667
1482,0.31123796
1483,0.34877154
1484,0.40007615
1485,0.38635466
1486,0.37170961
1487,0.35684028
1488,0.33090004
1489,0.4406596
1490,0.2897558
1491,0.32395157
1492,0.40094632
1493,0.38888156
1494,0.33473268
1495,0.346917
1496,0.3138262
1497,0.3367164
1498,0.3300803
1499,0.35995987
1500,0.34540296
1501,0.32548955
1502,0.40335783
1503,0.3429034
1504,0.3610851
1505,0.38204342
1506,0.38441646
1507,0.38543054
1508,0.29203337
1509,0.37888378
1510,0.32362667
1511,0.47395787
1512,0.31286356
1513,0.3250437
1514,0.390375
1515,0.35663253
1516,0.32685596
1517,0.30150408
1518,0.31741694
1519,0.34040755
1520,0.40933752
1521,0.3343228
1522,0.33306307
1523,0.32428873
1524,0.35625178
1525,0.31355762
1526,0.33047843
1527,0.4747059
1528,0.30641338
1529,0.33485147
1530,0.27830917
1531,0.3475892
1532,0.375991
1533,0.4094996
1534,0.31742278
1535,0.41129434
1536,0.38770118
1537,0.42533985
1538,0.31142238
1539,0.43364558
1540,0.35933912
1541,0.37227648
1542,0.2974722
1543,0.37042606
1544,0.337784
1545,0.35096267
1546,0.3599369
1547,0.34344637
1548,0.3058291
1549,0.30799362
1550,0.3361546
1551,0.30014503
1552,0.37016347
1553,0.39295363
1554,0.28102314
1555,0.336746
1556,0.3441751
1557,0.2880803
1558,0.37494814
1559,0.37208757
1560,0.30844924
1561,0.2839797
1562,0.36046728
1563,0.29839194
1564,0.374697
1565,0.31347302
1566,0.36333844
1567,0.2864008
1568,0.34137398
1569,0.321783
1570,0.35417023
1571,0.38508546
1572,0.3410463
1573,0.38152513
1574,0.33961317
1575,0.39583772
1576,0.33291093
1577,0.29457292
1578,0.33197886
1579,0.33675987
1580,0.3346992
1581,0.33051848
1582,0.32460728
1583,0.32244733
1584,0.3273385
1585,0.33698693
1586,0.36371538
1587,0.37218174
1588,0.34017664
1589,0.3615453
1590,0.2848554
1591,0.31999448
1592,0.35833585
1593,0.3866577
1594,0.2920399
1595,0.2957717
1596,0.31459507
1597,0.3585021
1598,0.3432365
1599,0.35511166
1600,0.3126045
1601,0.3264699
1602,0.29659468
1603,0.32457915
1604,0.34573075
1605,0.40688396
1606,0.3138567
1607,0.40076315
1608,0.31739742
1609,0.30671102
1610,0.39546558
1611,0.3053303
1612,0.2988014
1613,0.32756838
1614,0.33372065
1615,0.35587996
1616,0.38423592
1617,0.2972307
1618,0.32070467
1619,0.33801264
1620,0.30830073
1621,0.3140623
1622,0.31800094
1623,0.33259335
1624,0.40165862
1625,0.32970834
1626,0.34156698
1627,0.3348389
1628,0.3101103
1629,0.3498108
1630,0.32828242
1631,0.33245596
1632,0.346187
1633,0.37183717
1634,0.3139237
1635,0.30053687
1636,0.33839902
1637,0.29252827
1638,0.29868045
1639,0.4139002
1640,0.30463582
1641,0.35956162
1642,0.38733032
1643,0.31159475
1644,0.3478707
1645,0.3275089
1646,0.33460099
1647,0.3170207
1648,0.3025793
1649,0.3451463
1650,0.377683
1651,0.36075497
1652,0.35808173
1653,0.3041823
1654,0.3728749
1655,0.3061921
1656,0.33387423
1657,0.32393292
1658,0.31347552
1659,0.32291383
1660,0.282405
1661,0.3562694
1662,0.35272446
1663,0.29727304
1664,0.34758803
1665,0.34496453
1666,0.28568882
1667,0.32797438
1668,0.3173537
1669,0.3680139
1670,0.30019075
1671,0.40253615
1672,0.31139225
1673,0.26725966
1674,0.38893032
1675,0.37046775
1676,0.3898791
1677,0.31951177
1678,0.3130298
1679,0.29376343
1680,0.33375597
1681,0.34334016
1682,0.32586348
1683,0.43755877
1684,0.32384259
1685,0.3404098
1686,0.2938461
1687,0.32024726
1688,0.297602
1689,0.32479453
1690,0.40460426
1691,0.31922942
1692,0.26427862
1693,0.3679353
1694,0.33732355
1695,0.31477356
1696,0.30067852
1697,0.42930377
1698,0.36136118
1699,0.33272192
1700,0.34974223
1701,0.36715353
1702,0.337693
1703,0.26236662
1704,0.34544507
1705,0.34150591
1706,0.33232996
1707,0.37794763
1708,0.40772083
1709,0.32810685
1710,0.33781224
1711,0.3599199
1712,0.3259074
1713,0.31963944
1714,0.35482004
1715,0.30124718
1716,0.2976618
1717,0.31604588
1718,0.30162042
1719,0.3231897
1720,0.32435334
1721,0.3146122
1722,0.3458083
1723,0.28178132
1724,0.3189131
1725,0.3018667
1726,0.34433255
1727,0.3055879
1728,0.3361111
1729,0.27515212
1730,0.3325817
1731,0.37246984
1732,0.27283576
1733,0.36106992
1734,0.35750818
1735,0.28258523
1736,0.3338407
1737,0.27031878
1738,0.35974023
1739,0.347966
1740,0.33851466
1741,0.36812723
1742,0.39113274
1743,0.33397645
1744,0.31387204
1745,0.33074552
1746,0.39246684
1747,0.27971795
1748,0.27762735
1749,0.31030753
1750,0.35814077
1751,0.31949612
1752,0.32650214
1753,0.35655475
1754,0.30565056
1755,0.3130365
1756,0.32270643
1757,0.2832911
1758,0.33512604
1759,0.31088907
1760,0.36668384
1761,0.28184822
1762,0.40050736
1763,0.350421
1764,0.30760866
1765,0.3813405
1766,0.32026815
1767,0.39781573
1768,0.3349148
1769,0.30124348
1770,0.3064548
1771,0.3260254
1772,0.32205847
1773,0.3415669
1774,0.29012835
1775,0.27745536
1776,0.35208905
1777,0.3477692
1778,0.3664258
1779,0.33475435
1780,0.30186796
1781,0.3055073
1782,0.33369583
1783,0.29465273
1784,0.366463
1785,0.34755087
1786,0.3184584
1787,0.34017196
1788,0.3391522
1789,0.27188542
1790,0.3001701
1791,0.3172114
1792,0.29984784
1793,0.28972113
1794,0.28457856
1795,0.3992782
1796,0.32982948
1797,0.36054558
1798,0.33282188
1799,0.3571206
1800,0.3118724
1801,0.3500259
1802,0.3416454
1803,0.30733773
1804,0.2999433
1805,0.33981702
1806,0.3442586
1807,0.30532393
1808,0.3387674
1809,0.2858995
1810,0.29968104
1811,0.3098858
1812,0.35248896
1813,0.3446906
1814,0.3272781
1815,0.2815351
1816,0.3462188
1817,0.33498043
1818,0.3241047
1819,0.31971452
1820,0.30370292
1821,0.34388572
1822,0.31100294
1823,0.34639868
1824,0.28401494
1825,0.32899183
1826,0.33308947
1827,0.28806964
1828,0.31492895
1829,0.30553943
1830,0.29403016
1831,0.3114911
1832,0.32379368
1833,0.3173114
1834,0.33502558
1835,0.33896664
1836,0.3513573
1837,0.34787953
1838,0.32518896
1839,0.3172207
1840,0.37258214
1841,0.31893635
1842,0.29949808
1843,0.3745661
1844,0.3971257
1845,0.36731383
1846,0.3636571
1847,0.34442788
1848,0.29662532
1849,0.28287205
1850,0.36584306
1851,0.32239294
1852,0.3218961
1853,0.26268247
1854,0.37237126
1855,0.38913223
1856,0.30950758
1857,0.32983172
1858,0.34175205
1859,0.34133187
1860,0.28482807
1861,0.29187492
1862,0.36361006
1863,0.33279824
1864,0.34952027
1865,0.28147823
1866,0.29359925
1867,0.3155738
1868,0.30130607
1869,0.27461368
1870,0.34156626
1871,0.30778337
1872,0.26882017
1873,0.34113032
1874,0.3202318
1875,0.39151937
1876,0.29543856
1877,0.31144688
1878,0.33486116
1879,0.3106811
1880,0.31678733
1881,0.31327525
1882,0.32364863
1883,0.27673715
1884,0.3236036
1885,0.27018926
1886,0.30413324
1887,0.26621807
1888,0.28393102
1889,0.32128716
1890,0.29096282
1891,0.36448884
1892,0.30543664
1893,0.34365574
1894,0.3509722
1895,0.3277741
1896,0.39071733
1897,0.31638643
1898,0.3080366
1899,0.25218272
1900,0.3819969
1901,0.29406705
1902,0.29741773
1903,0.28118372
1904,0.30475807
1905,0.2687431
1906,0.29382303
1907,0.3234145
1908,0.33139774
1909,0.2834955
1910,0.323018
1911,0.3314994
1912,0.29740846
1913,0.29848439
1914,0.3524786
1915,0.2941546
1916,0.31434712
1917,0.27748498
1918,0.31682885
1919,0.3323931
1920,0.32443437
1921,0.32019177
1922,0.2865959
1923,0.32989737
1924,0.29352275
1925,0.29776797
1926,0.33978447
1927,0.3021809
1928,0.30169645
1929,0.29729715
1930,0.28755865
1931,0.31371507
1932,0.317334
1933,0.30672818
1934,0.33894035
1935,0.36011037
1936,0.3473027
1937,0.30476296
1938,0.28132454
1939,0.33678722
1940,0.37867895
1941,0.33120227
1942,0.30500582
1943,0.33258218
1944,0.31579056
1945,0.32512674
1946,0.29246306
1947,0.2951631
1948,0.32180107
1949,0.3381728
1950,0.3069504
1951,0.32395768
1952,0.28827402
1953,0.32338387
1954,0.31736523
1955,0.28046837
1956,0.36767152
1957,0.27104628
1958,0.31506598
1959,0.31901175
1960,0.29151818
1961,0.33403218
1962,0.24192971
1963,0.30124855
1964,0.25392777
1965,0.34398553
1966,0.36848822
1967,0.25557023
1968,0.28854135
1969,0.377119
1970,0.33081692
1971,0.28941065
1972,0.35390112
1973,0.35676143
1974,0.33603635
1975,0.28952855
1976,0.32631728
1977,0.3065167
1978,0.28877103
1979,0.2880493
1980,0.33011505
1981,0.30809996
1982,0.30741298
1983,0.30339733
1984,0.3410338
1985,0.2873436
1986,0.2896158
1987,0.32490236
1988,0.32774016
1989,0.3523795
1990,0.32254937
1991,0.2678324
1992,0.34372592
1993,0.32619578
1994,0.29244837
1995,0.34763598
1996,0.3572637
1997,0.34164885
1998,0.31044832
1999,0.31191593
2000,0.28385374
2001,0.32224345
2002,0.18822475
2003,0.17825809
2004,0.16526324
2005,0.15348528
2006,0.16627137
2007,0.15058444
2008,0.14987588
2009,0.1598642
2010,0.15318103
2011,0.1728395
2012,0.16796622
2013,0.17114125
2014,0.17048247
2015,0.18486989
2016,0.1558907
2017,0.20762333
2018,0.17956999
2019,0.18739425
2020,0.14958212
2021,0.16455537
2022,0.18718429
2023,0.151796
2024,0.17092493
2025,0.18273088
2026,0.16182394
2027,0.14766283
2028,0.14736287
2029,0.16234563
2030,0.18121222
2031,0.16174233
2032,0.18117212
2033,0.15305541
2034,0.13873005
2035,0.1643281
2036,0.13177396
2037,0.15643507
2038,0.13495408
2039,0.1508556
2040,0.17009456
2041,0.15215687
2042,0.14666195
2043,0.1346902
2044,0.13950576
2045,0.15099034
2046,0.1321077
2047,0.14680268
2048,0.15714552
2049,0.13894783
2050,0.16849828
2051,0.14956288
2052,0.11967879
2053,0.13835661
2054,0.16573055
2055,0.13599466
2056,0.14024584
2057,0.13701324
2058,0.14766417
2059,0.1362702
2060,0.15135936
2061,0.1413496
2062,0.14877725
2063,0.15644379
2064,0.14182112
2065,0.123233676
2066,0.107912935
2067,0.16823949
2068,0.16809772
2069,0.16573514
2070,0.16093875
2071,0.1465316
2072,0.16929471
2073,0.14999855
2074,0.13066295
2075,0.12806909
2076,0.16025722
2077,0.13243774
2078,0.14396204
2079,0.11005876
2080,0.123821296
2081,0.13063774
2082,0.1349486
2083,0.14072622
2084,0.15277486
2085,0.17857005
2086,0.16613257
2087,0.13465118
2088,0.122879155
2089,0.1857153
2090,0.12607403
2091,0.13799155
2092,0.1621326
2093,0.12756129
2094,0.1490429
2095,0.13488679
2096,0.13750134
2097,0.12725255
2098,0.13118464
2099,0.15521531
2100,0.14405198
2101,0.11921621
2102,0.17242111
2103,0.17575477
2104,0.12697686
2105,0.15113293
2106,0.1298757
2107,0.14784656
2108,0.109759144
2109,0.12313002
2110,0.14307605
2111,0.1641856
2112,0.13037294
2113,0.11159804
2114,0.1801195
2115,0.14004451
2116,0.1559858
2117,0.110836655
2118,0.14366136
2119,0.1326012
2120,0.11812189
2121,0.11821913
2122,0.13402918
2123,0.103195526
2124,0.15546045
2125,0.12280764
2126,0.13906065
2127,0.12903087
2128,0.1269048
2129,0.1309231
2130,0.12711363
2131,0.12475541
2132,0.13695483
2133,0.12223459
2134,0.12775913
2135,0.12850916
2136,0.11992049
2137,0.13794833
2138,0.14830235
2139,0.14127463
2140,0.12722358
2141,0.15978788
2142,0.13756423
2143,0.1291072
2144,0.11493831
2145,0.13082494
2146,0.14395571
2147,0.13448505
2148,0.16603833
2149,0.13886528
2150,0.12940799
2151,0.123339966
2152,0.11173148
2153,0.13002293
2154,0.14136691
2155,0.11938949
2156,0.12927896
2157,0.12183019
2158,0.13095371
2159,0.121285245
2160,0.12973966
2161,0.15360367
2162,0.13904484
2163,0.12568197
2164,0.1332506
2165,0.1286459
2166,0.11574441
2167,0.13889539
2168,0.13985704
2169,0.13360722
2170,0.10666326
2171,0.14021522
2172,0.107210964
2173,0.13670404
2174,0.123393714
2175,0.17561683
2176,0.124885805
2177,0.12518051
2178,0.14668173
2179,0.12716031
2180,0.119007856
2181,0.13667627
2182,0.1421569
2183,0.11697537
2184,0.13445947
2185,0.14082503
2186,0.14687228
2187,0.1330276
2188,0.13498399
2189,0.14684525
2190,0.11726889
2191,0.11538645
2192,0.14826196
2193,0.13430993
2194,0.13802986
2195,0.11926173
2196,0.16331933
2197,0.15104495
2198,0.1179197
2199,0.11981672
2200,0.121023245
2201,0.12755767
2202,0.18949533
2203,0.13777547
2204,0.12728232
2205,0.13841322
2206,0.14009148
2207,0.14500083
2208,0.13270345
2209,0.12645099
2210,0.13233389
2211,0.10213673
2212,0.12218473
2213,0.12296083
2214,0.16887422
2215,0.117079966
2216,0.12227573
2217,0.12786229
2218,0.16292036
2219,0.11505031
2220,0.15971579
2221,0.13441458
2222,0.12022638
2223,0.12840909
2224,0.13357489
2225,0.11592766
2226,0.13303982
2227,0.12350742
2228,0.15971388
2229,0.13967837
2230,0.10662553
2231,0.1498868
2232,0.14435142
2233,0.14688039
2234,0.11926313
2235,0.12242743
2236,0.13775033
2237,0.15692939
2238,0.14111045
2239,0.14886032
2240,0.15647472
2241,0.15750727
2242,0.127186
2243,0.12927787
2244,0.13442928
2245,0.11901933
2246,0.15915293
2247,0.12335042
2248,0.12353096
2249,0.13266379
2250,0.1287821
2251,0.1717061
2252,0.1362324
2253,0.14854285
2254,0.13322124
2255,0.12571412
2256,0.14647883
2257,0.15663041
2258,0.18974592
2259,0.11678971
2260,0.15108815
2261,0.11066343
2262,0.123575315
2263,0.15044397
2264,0.14874941
2265,0.13478847
2266,0.10573636
2267,0.17532626
2268,0.14896125
2269,0.1071969
2270,0.13064843
2271,0.12001266
2272,0.14752926
2273,0.13012818
2274,0.14548568
2275,0.13356867
2276,0.1356944
2277,0.124147855
2278,0.1192224
2279,0.13611493
2280,0.18705766
2281,0.121942855
2282,0.11770658
2283,0.1621014
2284,0.13121806
2285,0.15581731
2286,0.121038765
2287,0.17782934
2288,0.12065889
2289,0.12321889
2290,0.12852217
2291,0.14006323
2292,0.18088779
2293,0.14876312
2294,0.12488614
2295,0.14231305
2296,0.14678922
2297,0.14423081
2298,0.1487724
2299,0.1385526
2300,0.12017043
2301,0.16890064
2302,0.121960185
2303,0.12745689
2304,0.1410276
2305,0.14708844
2306,0.14641498
2307,0.13153572
2308,0.118975095
2309,0.13691792
2310,0.12757416
2311,0.11570166
2312,0.12063993
2313,0.13865107
2314,0.15144584
2315,0.18565285
2316,0.12653661
2317,0.11022117
2318,0.14508536
2319,0.16047472
2320,0.14455268
2321,0.12268018
2322,0.12980428
2323,0.14996766
2324,0.15049876
2325,0.11907529
2326,0.15080288
2327,0.15545067
2328,0.12991618
2329,0.11348297
2330,0.14205414
2331,0.18808548
2332,0.13033593
2333,0.15697622
2334,0.12662545
2335,0.13297424
2336,0.14686549
2337,0.17836097
2338,0.1389766
2339,0.14145793
2340,0.13409986
2341,0.13289833
2342,0.13229233
2343,0.14587364
2344,0.1322836
2345,0.15753919
2346,0.13384016
2347,0.11612752
2348,0.12929985
2349,0.14302377
2350,0.168459
2351,0.11926882
2352,0.14354014
2353,0.14589226
2354,0.1332676
2355,0.13422307
2356,0.1772106
2357,0.14189397
2358,0.14121288
2359,0.1237872
2360,0.12267868
2361,0.15489684
2362,0.14074595
2363,0.13628773
2364,0.119650364
2365,0.11526634
2366,0.13361649
2367,0.16532639
2368,0.16537932
2369,0.16036646
2370,0.13938247
2371,0.13426803
2372,0.13341296
2373,0.13804701
2374,0.12499991
2375,0.14074588
2376,0.14016218
2377,0.16799541
2378,0.10475149
2379,0.12980211
2380,0.13114119
2381,0.14708702
2382,0.1353913
2383,0.10183636
2384,0.10356104
2385,0.15136273
2386,0.12510507
2387,0.11071514
2388,0.1100836
2389,0.15341881
2390,0.119569264
2391,0.12399649
2392,0.14375447
2393,0.12237028
2394,0.12809044
2395,0.123045385
2396,0.106021196
2397,0.13003725
2398,0.16156043
2399,0.14675163
2400,0.13435088
2401,0.14294392
2402,0.13529614
2403,0.1252532
2404,0.119146064
2405,0.13894089
2406,0.11226121
2407,0.1309259
2408,0.15399122
2409,0.13330223
2410,0.13533452
2411,0.12674764
2412,0.117589794
2413,0.102780305
2414,0.12563013
2415,0.1643949
2416,0.1111497
2417,0.12516692
2418,0.12652671
2419,0.1253775
2420,0.12585458
2421,0.1165504
2422,0.1060215
2423,0.111225694
2424,0.16345239
2425,0.12701082
2426,0.14201088
2427,0.11060502
2428,0.12937365
2429,0.12732328
2430,0.11871756
2431,0.13284911
2432,0.13121763
2433,0.14485712
2434,0.13823128
2435,0.13659574
2436,0.13262
2437,0.15403892
2438,0.16377197
2439,0.121632
2440,0.15106173
2441,0.10375307
2442,0.13591778
2443,0.11749076
2444,0.12585093
2445,0.15735298
2446,0.14438732
2447,0.12368193
2448,0.11622513
2449,0.12985691
2450,0.1269292
2451,0.12405548
2452,0.14898533
2453,0.106311455
2454,0.13512485
2455,0.12379124
2456,0.1098659
2457,0.13623329
2458,0.118485674
2459,0.17756148
2460,0.11927749
2461,0.10915725
2462,0.10560433
2463,0.14059848
2464,0.1132
2465,0.12719539
2466,0.14793491
2467,0.16670679
2468,0.120974086
2469,0.1744094
2470,0.109110154
2471,0.13017388
2472,0.12389808
2473,0.120308444
2474,0.12027254
2475,0.12648736
2476,0.21695845
2477,0.14274837
2478,0.11367064
2479,0.11837225
2480,0.1173166
2481,0.16646612
2482,0.1117177
2483,0.15816009
2484,0.13812815
2485,0.12409869
2486,0.13062213
2487,0.10898536
2488,0.14260252
2489,0.1447101
2490,0.10586342
2491,0.12145711
2492,0.112585224
2493,0.12083177
2494,0.106045045
2495,0.15572852
2496,0.10777491
2497,0.11553564
2498,0.14163356
2499,0.12335832
2500,0.15176225
2501,0.13760549
2502,0.1227991
2503,0.10705324
2504,0.13401288
2505,0.11980044
2506,0.15098248
2507,0.11367442
2508,0.11552557
2509,0.14349997
2510,0.13049418
2511,0.14144859
2512,0.14869116
2513,0.12600617
2514,0.12203209
2515,0.12107806
2516,0.14148097
2517,0.17226739
2518,0.108685076
2519,0.13685983
2520,0.1430823
2521,0.12558931
2522,0.16890922
2523,0.21521436
2524,0.13810095
2525,0.121351175
2526,0.15558875
2527,0.11219467
2528,0.20947637
2529,0.10999627
2530,0.13436556
2531,0.115923695
2532,0.15189044
2533,0.14861931
2534,0.12747294
2535,0.14284807
2536,0.13087568
2537,0.1491764
2538,0.14082052
2539,0.1401104
2540,0.12870473
2541,0.12514764
2542,0.11028933
2543,0.1375068
2544,0.14887345
2545,0.13687555
2546,0.15040146
2547,0.13659482
2548,0.12427496
2549,0.12606713
2550,0.12861934
2551,0.11669101
2552,0.12600785
2553,0.13578546
2554,0.10595078
2555,0.15324621
2556,0.13523778
2557,0.12408977
2558,0.14238256
2559,0.13166803
2560,0.10537582
2561,0.122805476
2562,0.10462893
2563,0.13760085
2564,0.14448966
2565,0.16788334
2566,0.13507996
2567,0.13835938
2568,0.124976024
2569,0.11825209
2570,0.116372
2571,0.120543994
2572,0.12968685
2573,0.12521398
2574,0.1269543
2575,0.14216213
2576,0.14021815
2577,0.14410323
2578,0.12932801
2579,0.11665711
2580,0.14284314
2581,0.1515529
2582,0.11146964
2583,0.14351696
2584,0.115844764
2585,0.11741799
2586,0.15469769
2587,0.14070006
2588,0.11431834
2589,0.111516505
2590,0.15727149
2591,0.13113037
2592,0.10792452
2593,0.17928874
2594,0.14721921
2595,0.1373297
2596,0.1514865
2597,0.11330794
2598,0.12902325
2599,0.16745478
2600,0.12297266
2601,0.1479126
2602,0.1824485
2603,0.12862843
2604,0.1486765
2605,0.11212719
2606,0.12465801
2607,0.13104984
2608,0.12305876
2609,0.122111365
2610,0.1204083
2611,0.15607813
2612,0.11687227
2613,0.16359726
2614,0.14016838
2615,0.117775604
2616,0.121269055
2617,0.12920138
2618,0.12621953
2619,0.14940545
2620,0.123302825
2621,0.13761623
2622,0.1385428
2623,0.12633069
2624,0.11094969
2625,0.19034307
2626,0.15812424
2627,0.12224084
2628,0.12858531
2629,0.1285262
2630,0.149339
2631,0.13821185
2632,0.12684615
2633,0.14510575
2634,0.14525005
2635,0.14170578
2636,0.10941056
2637,0.11606256
2638,0.12994127
2639,0.1328929
2640,0.146817
2641,0.13111201
2642,0.13089019
2643,0.14628303
2644,0.1460941
2645,0.13051075
2646,0.123219214
2647,0.15125789
2648,0.13662417
2649,0.1294594
2650,0.11902605
2651,0.14518328
2652,0.1405868
2653,0.10625565
2654,0.13997704
2655,0.13267064
2656,0.13318335
2657,0.126982
2658,0.12890811
2659,0.1191272
2660,0.12354939
2661,0.13759288
2662,0.1560721
2663,0.12846948
2664,0.13300304
2665,0.13201407
2666,0.148301
2667,0.12007598
2668,0.12989324
2669,0.16736823
2670,0.15217666
2671,0.123472355
2672,0.12945102
2673,0.11950111
2674,0.1376538
2675,0.11611949
2676,0.119932175
2677,0.1136205
2678,0.1479084
2679,0.13096313
2680,0.11242698
2681,0.14180814
2682,0.15487689
2683,0.1488945
2684,0.12507242
2685,0.13645332
2686,0.12193826
2687,0.09824689
2688,0.1332972
2689,0.12688127
2690,0.113461636
2691,0.1306942
2692,0.16498122
2693,0.13264228
2694,0.123547874
2695,0.12051832
2696,0.104839586
2697,0.134152
2698,0.124002025
2699,0.11963303
2700,0.12018437
2701,0.12626998
2702,0.13677363
2703,0.11935272
2704,0.13423607
2705,0.13275065
2706,0.11885012
2707,0.12372933
2708,0.12142008
2709,0.10851083
2710,0.13669206
2711,0.12806046
2712,0.115366444
2713,0.15255184
2714,0.12275077
2715,0.12639834
2716,0.13336077
2717,0.10963171
2718,0.14334752
2719,0.09895891
2720,0.12379745
2721,0.12890713
2722,0.11674098
2723,0.13825259
2724,0.118129864
2725,0.14455937
2726,0.15691002
2727,0.13334525
2728,0.10462743
2729,0.124449275
2730,0.15083817
2731,0.15627825
2732,0.13718502
2733,0.16038786
2734,0.13303548
2735,0.11382074
2736,0.18323292
2737,0.14796281
2738,0.12183566
2739,0.1388623
2740,0.1582959
2741,0.13668202
2742,0.115089476
2743,0.13156487
2744,0.15271413
2745,0.12555961
2746,0.15523176
2747,0.17254393
2748,0.13903014
2749,0.14057681
2750,0.12232016
2751,0.1407785
2752,0.16744532
2753,0.12300867
2754,0.12834863
2755,0.118317686
2756,0.122158244
2757,0.15230688
2758,0.16220361
2759,0.11860908
2760,0.10417541
2761,0.12963697
2762,0.1647754
2763,0.15142378
2764,0.121400684
2765,0.17180921
2766,0.15719973
2767,0.124827825
2768,0.12853594
2769,0.15699749
2770,0.120236695
2771,0.10661277
2772,0.1795919
2773,0.123522446
2774,0.1208414
2775,0.1465909
2776,0.16144451
2777,0.13374105
2778,0.1449902
2779,0.13869585
2780,0.13798644
2781,0.11924115
2782,0.14134675
2783,0.11407077
2784,0.1897744
2785,0.15376325
2786,0.12718862
2787,0.11648323
2788,0.13998528
2789,0.20767981
2790,0.14940917
2791,0.13212143
2792,0.11521847
2793,0.12681717
2794,0.14966074
2795,0.111825235
2796,0.116016865
2797,0.12242668
2798,0.14453101
2799,0.118055366
2800,0.10264071
2801,0.13179494
2802,0.12780437
2803,0.19698511
2804,0.13343322
2805,0.12948434
2806,0.112749726
2807,0.14114666
2808,0.16769253
2809,0.13156804
2810,0.121027514
2811,0.10477283
2812,0.14730561
2813,0.13018239
2814,0.17162712
2815,0.094810285
2816,0.14218852
2817,0.11218029
2818,0.11558491
2819,0.11401504
2820,0.13025697
2821,0.13485853
2822,0.12929809
2823,0.1409919
2824,0.13026178
2825,0.110146426
2826,0.13558492
2827,0.14298803
2828,0.14019924
2829,0.13820185
2830,0.15735961
2831,0.14235851
2832,0.15609913
2833,0.11147395
2834,0.13944942
2835,0.14537343
2836,0.114702225
2837,0.13332413
2838,0.1402193
2839,0.1075152
2840,0.17062938
2841,0.14035513
2842,0.117765754
2843,0.10406938
2844,0.13183199
2845,0.136085
2846,0.1247509
2847,0.11539697
2848,0.13871826
2849,0.12432916
2850,0.13668776
2851,0.11461775
2852,0.13194066
2853,0.1411652
2854,0.107350856
2855,0.12723644
2856,0.12228494
2857,0.15220413
2858,0.19596402
2859,0.15313935
2860,0.13807845
2861,0.13687924
2862,0.14090674
2863,0.11580859
2864,0.17357405
2865,0.15519467
2866,0.12697113
2867,0.14274186
2868,0.11245003
2869,0.12138912
2870,0.12219311
2871,0.14134738
2872,0.13357604
2873,0.120665744
2874,0.12121399
2875,0.116822496
2876,0.12482024
2877,0.11597411
2878,0.14482509
2879,0.16227545
2880,0.12666036
2881,0.120282315
2882,0.10670198
2883,0.14540403
2884,0.15148455
2885,0.1311718
2886,0.12216998
2887,0.12644964
2888,0.15585282
2889,0.11780669
2890,0.12754068
2891,0.13588896
2892,0.13135533
2893,0.123679146
2894,0.15220897
2895,0.119291216
2896,0.1366663
2897,0.14586732
2898,0.12322713
2899,0.12984142
2900,0.113540165
2901,0.11935228
2902,0.12224721
2903,0.14836979
2904,0.13776425
2905,0.11226763
2906,0.14633372
2907,0.117705025
2908,0.120866686
2909,0.13235292
2910,0.14001584
2911,0.13361005
2912,0.11999962
2913,0.14368105
2914,0.14681573
2915,0.16377069
2916,0.110720485
2917,0.119971536
2918,0.17393966
2919,0.10318132
2920,0.14173596
2921,0.13584098
2922,0.13583711
2923,0.12730472
2924,0.12932298
2925,0.13687733
2926,0.16967529
2927,0.1480047
2928,0.15234509
2929,0.113114156
2930,0.1275345
2931,0.13188511
2932,0.10640029
2933,0.14147212
2934,0.1280725
2935,0.12991033
2936,0.115390554
2937,0.10916603
2938,0.12337747
2939,0.17561717
2940,0.11109766
2941,0.103371926
2942,0.12203695
2943,0.11001459
2944,0.11491949
2945,0.1339266
2946,0.12515275
2947,0.14094888
2948,0.11505112
2949,0.18838121
2950,0.1716142
2951,0.13572061
2952,0.13488334
2953,0.1522185
2954,0.11832001
2955,0.11920192
2956,0.12888885
2957,0.1429716
2958,0.1519199
2959,0.11919834
2960,0.122937985
2961,0.13610193
2962,0.12506789
2963,0.14721076
2964,0.14912388
2965,0.10515776
2966,0.14840358
2967,0.14087424
2968,0.12307548
2969,0.1362254
2970,0.15542905
2971,0.11847312
2972,0.15261218
2973,0.17816645
2974,0.11691978
2975,0.11449236
2976,0.10628997
2977,0.14850934
2978,0.16494216
2979,0.12232026
2980,0.11560486
2981,0.104454555
2982,0.18341139
2983,0.12550753
2984,0.10306444
2985,0.12428071
2986,0.12576512
2987,0.11462487
2988,0.12107606
2989,0.11476453
2990,0.114462145
2991,0.11740416
2992,0.12756974
2993,0.106292635
2994,0.11163139
2995,0.10819834
2996,0.13792618
2997,0.12575907
2998,0.1361017
2999,0.115829356
3000,0.1140771
